{
  "Abu_Dhabi": {
    "svg_width": 1000,
    "svg_height": 600,
    "a": -0.0,
    "b": 0.344319,
    "c": 445.593,
    "d": -0.344319,
    "e": -0.0,
    "f": 311.328,
    "avg_error_px": 0.0,
    "max_error_px": 0.001
  },
  "Austria": {
    "svg_width": 1000,
    "svg_height": 600,
    "a": 0.0,
    "b": 0.412757,
    "c": 537.422,
    "d": -0.412757,
    "e": 0.0,
    "f": 341.604,
    "avg_error_px": 0.0,
    "max_error_px": 0.001
  },
  "Baku_Azerbaijan": {
    "svg_width": 1000,
    "svg_height": 600,
    "a": 0.0,
    "b": 0.251868,
    "c": 537.859,
    "d": -0.251868,
    "e": -0.0,
    "f": 262.849,
    "avg_error_px": 0.0,
    "max_error_px": 0.001
  },
  "Brazil": {
    "svg_width": 1000,
    "svg_height": 600,
    "a": -0.0,
    "b": 0.792194,
    "c": 360.059,
    "d": -0.792194,
    "e": -0.0,
    "f": 116.66,
    "avg_error_px": 0.0,
    "max_error_px": 0.001
  },
  "Catalunya": {
    "svg_width": 1000,
    "svg_height": 600,
    "a": 0.0,
    "b": 0.535558,
    "c": 511.851,
    "d": -0.535559,
    "e": 0.0,
    "f": 276.591,
    "avg_error_px": 0.0,
    "max_error_px": 0.001
  },
  "Hungaroring": {
    "svg_width": 1000,
    "svg_height": 600,
    "a": -0.0,
    "b": 0.489347,
    "c": 506.239,
    "d": -0.489347,
    "e": -0.0,
    "f": 266.593,
    "avg_error_px": 0.0,
    "max_error_px": 0.001
  },
  "Imola": {
    "svg_width": 1000,
    "svg_height": 600,
    "a": 0.0,
    "b": 0.283119,
    "c": 495.716,
    "d": -0.283119,
    "e": 0.0,
    "f": 300.052,
    "avg_error_px": 0.0,
    "max_error_px": 0.001
  },
  "Jeddah": {
    "svg_width": 1000,
    "svg_height": 600,
    "a": 0.0,
    "b": 0.33688,
    "c": 500.216,
    "d": -0.33688,
    "e": -0.0,
    "f": 299.116,
    "avg_error_px": 0.0,
    "max_error_px": 0.001
  },
  "Las_Vegas": {
    "svg_width": 1000,
    "svg_height": 600,
    "a": 0.0,
    "b": 0.440433,
    "c": 508.593,
    "d": -0.440433,
    "e": -0.0,
    "f": 299.57,
    "avg_error_px": 0.0,
    "max_error_px": 0.001
  },
  "Losail": {
    "svg_width": 1000,
    "svg_height": 600,
    "a": 0.0,
    "b": 0.416781,
    "c": 500.035,
    "d": -0.416781,
    "e": -0.0,
    "f": 299.668,
    "avg_error_px": 0.0,
    "max_error_px": 0.001
  },
  "Melbourne": {
    "svg_width": 1000,
    "svg_height": 600,
    "a": 0.0,
    "b": 0.353852,
    "c": 498.527,
    "d": -0.353852,
    "e": 0.0,
    "f": 301.524,
    "avg_error_px": 0.0,
    "max_error_px": 0.001
  },
  "Mexico": {
    "svg_width": 1000,
    "svg_height": 600,
    "a": 0.0,
    "b": 0.34045,
    "c": 663.569,
    "d": -0.34045,
    "e": 0.0,
    "f": 213.516,
    "avg_error_px": 0.0,
    "max_error_px": 0.001
  },
  "Miami": {
    "svg_width": 1000,
    "svg_height": 600,
    "a": -0.0,
    "b": 0.346084,
    "c": 503.416,
    "d": -0.346084,
    "e": 0.0,
    "f": 298.801,
    "avg_error_px": 0.0,
    "max_error_px": 0.001
  },
  "Monaco": {
    "svg_width": 1000,
    "svg_height": 600,
    "a": 0.0,
    "b": 0.693797,
    "c": 481.385,
    "d": -0.693797,
    "e": 0.0,
    "f": 314.522,
    "avg_error_px": 0.0,
    "max_error_px": 0.001
  },
  "Montreal": {
    "svg_width": 1000,
    "svg_height": 600,
    "a": 0.0,
    "b": 0.481228,
    "c": 251.233,
    "d": -0.481228,
    "e": 0.0,
    "f": 356.755,
    "avg_error_px": 0.0,
    "max_error_px": 0.001
  },
  "Monza": {
    "svg_width": 1000,
    "svg_height": 600,
    "a": -0.0,
    "b": 0.411766,
    "c": 499.899,
    "d": -0.411766,
    "e": 0.0,
    "f": 300.298,
    "avg_error_px": 0.0,
    "max_error_px": 0.001
  },
  "Paul_Ricard": {
    "svg_width": 1000,
    "svg_height": 600,
    "a": -0.0,
    "b": 0.246194,
    "c": 510.061,
    "d": -0.246194,
    "e": -0.0,
    "f": 296.421,
    "avg_error_px": 0.0,
    "max_error_px": 0.001
  },
  "Portimao": {
    "svg_width": 1000,
    "svg_height": 600,
    "a": -0.0,
    "b": 0.772183,
    "c": 504.101,
    "d": -0.772183,
    "e": 0.0,
    "f": 380.917,
    "avg_error_px": 0.0,
    "max_error_px": 0.001
  },
  "Sakhir_Bahrain": {
    "svg_width": 1000,
    "svg_height": 600,
    "a": 0.0,
    "b": 0.641705,
    "c": 502.477,
    "d": -0.641705,
    "e": 0.0,
    "f": 296.263,
    "avg_error_px": 0.0,
    "max_error_px": 0.001
  },
  "Shanghai": {
    "svg_width": 1000,
    "svg_height": 600,
    "a": 0.0,
    "b": 0.425087,
    "c": 499.198,
    "d": -0.425087,
    "e": 0.0,
    "f": 299.023,
    "avg_error_px": 0.0,
    "max_error_px": 0.001
  },
  "Silverstone": {
    "svg_width": 1000,
    "svg_height": 600,
    "a": 0.0,
    "b": 0.515744,
    "c": 441.039,
    "d": -0.515744,
    "e": -0.0,
    "f": 246.774,
    "avg_error_px": 0.0,
    "max_error_px": 0.001
  },
  "Singapore": {
    "svg_width": 1000,
    "svg_height": 600,
    "a": 0.0,
    "b": 0.360284,
    "c": 490.273,
    "d": -0.360284,
    "e": 0.0,
    "f": 303.431,
    "avg_error_px": 0.0,
    "max_error_px": 0.001
  },
  "Spa": {
    "svg_width": 1000,
    "svg_height": 600,
    "a": -0.0,
    "b": 0.4109,
    "c": 516.83,
    "d": -0.4109,
    "e": 0.0,
    "f": 262.839,
    "avg_error_px": 0.0,
    "max_error_px": 0.001
  },
  "Suzuka": {
    "svg_width": 1000,
    "svg_height": 600,
    "a": -0.0,
    "b": 0.261631,
    "c": 500.996,
    "d": -0.261631,
    "e": -0.0,
    "f": 300.234,
    "avg_error_px": 0.0,
    "max_error_px": 0.001
  },
  "Texas": {
    "svg_width": 1000,
    "svg_height": 600,
    "a": -0.0,
    "b": 0.288539,
    "c": 357.201,
    "d": -0.288539,
    "e": -0.0,
    "f": 324.609,
    "avg_error_px": 0.0,
    "max_error_px": 0.001
  },
  "Zandvoort": {
    "svg_width": 1000,
    "svg_height": 600,
    "a": 0.0,
    "b": 0.539463,
    "c": 495.221,
    "d": -0.539463,
    "e": 0.0,
    "f": 308.642,
    "avg_error_px": 0.0,
    "max_error_px": 0.001
  }
}