{
  "Abu_Dhabi": {
    "svg_width": 1000,
    "svg_height": 600,
    "a": -0.0,
    "b": 0.344461,
    "c": 445.56,
    "d": -0.344461,
    "e": -0.0,
    "f": 311.411,
    "avg_error_px": 0.0,
    "max_error_px": 0.001
  },
  "Austria": {
    "svg_width": 1000,
    "svg_height": 600,
    "a": 0.0,
    "b": 0.412663,
    "c": 537.488,
    "d": -0.412663,
    "e": -0.0,
    "f": 341.494,
    "avg_error_px": 0.0,
    "max_error_px": 0.001
  },
  "Baku_Azerbaijan": {
    "svg_width": 1000,
    "svg_height": 600,
    "a": -0.0,
    "b": 0.251783,
    "c": 537.847,
    "d": -0.251783,
    "e": 0.0,
    "f": 262.809,
    "avg_error_px": 0.0,
    "max_error_px": 0.001
  },
  "Brazil": {
    "svg_width": 1000,
    "svg_height": 600,
    "a": 0.0,
    "b": 0.792491,
    "c": 360.031,
    "d": -0.792491,
    "e": 0.0,
    "f": 116.745,
    "avg_error_px": 0.0,
    "max_error_px": 0.001
  },
  "Catalunya": {
    "svg_width": 1000,
    "svg_height": 600,
    "a": 0.0,
    "b": 0.535594,
    "c": 511.92,
    "d": -0.535594,
    "e": 0.0,
    "f": 276.699,
    "avg_error_px": 0.0,
    "max_error_px": 0.001
  },
  "Hungaroring": {
    "svg_width": 1000,
    "svg_height": 600,
    "a": 0.0,
    "b": 0.489178,
    "c": 506.218,
    "d": -0.489178,
    "e": 0.0,
    "f": 266.631,
    "avg_error_px": 0.0,
    "max_error_px": 0.001
  },
  "Imola": {
    "svg_width": 1000,
    "svg_height": 600,
    "a": 0.0,
    "b": 0.28312,
    "c": 495.694,
    "d": -0.28312,
    "e": -0.0,
    "f": 300.047,
    "avg_error_px": 0.0,
    "max_error_px": 0.001
  },
  "Jeddah": {
    "svg_width": 1000,
    "svg_height": 600,
    "a": 0.0,
    "b": 0.336928,
    "c": 500.238,
    "d": -0.336928,
    "e": -0.0,
    "f": 299.097,
    "avg_error_px": 0.0,
    "max_error_px": 0.001
  },
  "Las_Vegas": {
    "svg_width": 1000,
    "svg_height": 600,
    "a": -0.0,
    "b": 0.44034,
    "c": 508.544,
    "d": -0.44034,
    "e": -0.0,
    "f": 299.51,
    "avg_error_px": 0.0,
    "max_error_px": 0.001
  },
  "Losail": {
    "svg_width": 1000,
    "svg_height": 600,
    "a": 0.0,
    "b": 0.416801,
    "c": 499.998,
    "d": -0.416801,
    "e": 0.0,
    "f": 299.651,
    "avg_error_px": 0.0,
    "max_error_px": 0.001
  },
  "Melbourne": {
    "svg_width": 1000,
    "svg_height": 600,
    "a": 0.0,
    "b": 0.353811,
    "c": 498.513,
    "d": -0.353811,
    "e": 0.0,
    "f": 301.575,
    "avg_error_px": 0.0,
    "max_error_px": 0.001
  },
  "Mexico": {
    "svg_width": 1000,
    "svg_height": 600,
    "a": -0.0,
    "b": 0.34041,
    "c": 663.62,
    "d": -0.34041,
    "e": -0.0,
    "f": 213.525,
    "avg_error_px": 0.0,
    "max_error_px": 0.001
  },
  "Miami": {
    "svg_width": 1000,
    "svg_height": 600,
    "a": -0.0,
    "b": 0.34611,
    "c": 503.434,
    "d": -0.34611,
    "e": -0.0,
    "f": 298.762,
    "avg_error_px": 0.0,
    "max_error_px": 0.001
  },
  "Monaco": {
    "svg_width": 1000,
    "svg_height": 600,
    "a": -0.0,
    "b": 0.693995,
    "c": 481.334,
    "d": -0.693995,
    "e": -0.0,
    "f": 314.668,
    "avg_error_px": 0.0,
    "max_error_px": 0.001
  },
  "Montreal": {
    "svg_width": 1000,
    "svg_height": 600,
    "a": -0.0,
    "b": 0.48123,
    "c": 251.169,
    "d": -0.48123,
    "e": -0.0,
    "f": 356.772,
    "avg_error_px": 0.0,
    "max_error_px": 0.001
  },
  "Monza": {
    "svg_width": 1000,
    "svg_height": 600,
    "a": -0.0,
    "b": 0.411705,
    "c": 499.904,
    "d": -0.411705,
    "e": 0.0,
    "f": 300.253,
    "avg_error_px": 0.0,
    "max_error_px": 0.001
  },
  "Portimao": {
    "svg_width": 1000,
    "svg_height": 600,
    "a": -0.0,
    "b": 0.772512,
    "c": 504.098,
    "d": -0.772512,
    "e": -0.0,
    "f": 381.079,
    "avg_error_px": 0.0,
    "max_error_px": 0.001
  },
  "Sakhir_Bahrain": {
    "svg_width": 1000,
    "svg_height": 600,
    "a": 0.0,
    "b": 0.641694,
    "c": 502.401,
    "d": -0.641694,
    "e": -0.0,
    "f": 296.299,
    "avg_error_px": 0.0,
    "max_error_px": 0.001
  },
  "Shanghai": {
    "svg_width": 1000,
    "svg_height": 600,
    "a": -0.0,
    "b": 0.425283,
    "c": 499.143,
    "d": -0.425283,
    "e": -0.0,
    "f": 299.105,
    "avg_error_px": 0.0,
    "max_error_px": 0.001
  },
  "Silverstone": {
    "svg_width": 1000,
    "svg_height": 600,
    "a": 0.0,
    "b": 0.515204,
    "c": 502.203,
    "d": -0.515204,
    "e": -0.0,
    "f": 299.326,
    "avg_error_px": 0.0,
    "max_error_px": 0.001
  },
  "Singapore": {
    "svg_width": 1000,
    "svg_height": 600,
    "a": 0.0,
    "b": 0.360353,
    "c": 490.302,
    "d": -0.360353,
    "e": 0.0,
    "f": 303.324,
    "avg_error_px": 0.0,
    "max_error_px": 0.001
  },
  "Spa": {
    "svg_width": 1000,
    "svg_height": 600,
    "a": 0.0,
    "b": 0.410822,
    "c": 498.363,
    "d": -0.410822,
    "e": -0.0,
    "f": 299.794,
    "avg_error_px": 0.0,
    "max_error_px": 0.001
  },
  "Suzuka": {
    "svg_width": 1000,
    "svg_height": 600,
    "a": -0.0,
    "b": 0.261626,
    "c": 500.997,
    "d": -0.261626,
    "e": -0.0,
    "f": 300.209,
    "avg_error_px": 0.0,
    "max_error_px": 0.001
  },
  "Texas": {
    "svg_width": 1000,
    "svg_height": 600,
    "a": -0.0,
    "b": 0.288527,
    "c": 357.294,
    "d": -0.288527,
    "e": -0.0,
    "f": 324.631,
    "avg_error_px": 0.0,
    "max_error_px": 0.001
  },
  "Zandvoort": {
    "svg_width": 1000,
    "svg_height": 600,
    "a": -0.0,
    "b": 0.539198,
    "c": 495.201,
    "d": -0.539198,
    "e": 0.0,
    "f": 308.586,
    "avg_error_px": 0.0,
    "max_error_px": 0.001
  }
}