{
  "Abu_Dhabi": {
    "svg_width": 1000,
    "svg_height": 600,
    "a": -0.0,
    "b": 0.344416,
    "c": 445.626,
    "d": -0.344416,
    "e": 0.0,
    "f": 311.365,
    "avg_error_px": 0.0,
    "max_error_px": 0.001
  },
  "Austria": {
    "svg_width": 1000,
    "svg_height": 600,
    "a": -0.0,
    "b": 0.412709,
    "c": 537.518,
    "d": -0.412709,
    "e": 0.0,
    "f": 341.467,
    "avg_error_px": 0.0,
    "max_error_px": 0.001
  },
  "Austria_Reverse": {
    "svg_width": 1000,
    "svg_height": 600,
    "a": -0.0,
    "b": 0.412775,
    "c": 537.757,
    "d": -0.412775,
    "e": 0.0,
    "f": 341.528,
    "avg_error_px": 0.0,
    "max_error_px": 0.001
  },
  "Baku_Azerbaijan": {
    "svg_width": 1000,
    "svg_height": 600,
    "a": 0.0,
    "b": 0.251813,
    "c": 537.865,
    "d": -0.251813,
    "e": 0.0,
    "f": 262.849,
    "avg_error_px": 0.0,
    "max_error_px": 0.001
  },
  "Brazil": {
    "svg_width": 1000,
    "svg_height": 600,
    "a": 0.210873,
    "b": -0.784798,
    "c": 702.284,
    "d": -0.784798,
    "e": -0.210873,
    "f": 121.54,
    "avg_error_px": 0.0,
    "max_error_px": 0.001
  },
  "Catalunya": {
    "svg_width": 1000,
    "svg_height": 600,
    "a": 0.55179,
    "b": -0.257304,
    "c": 524.922,
    "d": -0.257304,
    "e": -0.55179,
    "f": 279.952,
    "avg_error_px": 0.0,
    "max_error_px": 0.001
  },
  "Hungaroring": {
    "svg_width": 1000,
    "svg_height": 600,
    "a": 0.3659,
    "b": -0.436837,
    "c": 476.367,
    "d": -0.436837,
    "e": -0.3659,
    "f": 315.813,
    "avg_error_px": 0.0,
    "max_error_px": 0.001
  },
  "Imola": {
    "svg_width": 1000,
    "svg_height": 600,
    "a": 0.127152,
    "b": -0.34746,
    "c": 507.188,
    "d": -0.34746,
    "e": -0.127152,
    "f": 306.059,
    "avg_error_px": 0.0,
    "max_error_px": 0.001
  },
  "Jeddah": {
    "svg_width": 1000,
    "svg_height": 600,
    "a": -0.0,
    "b": 0.336921,
    "c": 500.233,
    "d": -0.336921,
    "e": -0.0,
    "f": 299.113,
    "avg_error_px": 0.0,
    "max_error_px": 0.001
  },
  "Las_Vegas": {
    "svg_width": 1000,
    "svg_height": 600,
    "a": -0.000847,
    "b": 0.441348,
    "c": 508.296,
    "d": 0.441348,
    "e": 0.000847,
    "f": 300.38,
    "avg_error_px": 0.0,
    "max_error_px": 0.001
  },
  "Losail": {
    "svg_width": 1000,
    "svg_height": 600,
    "a": 0.273166,
    "b": 0.489777,
    "c": 509.092,
    "d": 0.489777,
    "e": -0.273166,
    "f": 284.916,
    "avg_error_px": 0.0,
    "max_error_px": 0.001
  },
  "Melbourne": {
    "svg_width": 1000,
    "svg_height": 600,
    "a": 0.330282,
    "b": 0.325702,
    "c": 455.499,
    "d": 0.325702,
    "e": -0.330282,
    "f": 266.884,
    "avg_error_px": 0.0,
    "max_error_px": 0.001
  },
  "Mexico": {
    "svg_width": 1000,
    "svg_height": 600,
    "a": 0.43635,
    "b": 0.366141,
    "c": 849.824,
    "d": 0.366141,
    "e": -0.43635,
    "f": 30.892,
    "avg_error_px": 0.0,
    "max_error_px": 0.001
  },
  "Miami": {
    "svg_width": 1000,
    "svg_height": 600,
    "a": 0.0,
    "b": 0.346569,
    "c": 503.332,
    "d": -0.346569,
    "e": 0.0,
    "f": 298.631,
    "avg_error_px": 0.0,
    "max_error_px": 0.001
  },
  "Monaco": {
    "svg_width": 1000,
    "svg_height": 600,
    "a": 0.666388,
    "b": -0.242809,
    "c": 467.677,
    "d": -0.242809,
    "e": -0.666388,
    "f": 323.652,
    "avg_error_px": 0.0,
    "max_error_px": 0.001
  },
  "Montreal": {
    "svg_width": 1000,
    "svg_height": 600,
    "a": -0.315853,
    "b": -0.316405,
    "c": 726.743,
    "d": -0.316405,
    "e": 0.315854,
    "f": 181.602,
    "avg_error_px": 0.0,
    "max_error_px": 0.001
  },
  "Monza": {
    "svg_width": 1000,
    "svg_height": 600,
    "a": 0.275637,
    "b": -0.191572,
    "c": 496.651,
    "d": -0.191572,
    "e": -0.275637,
    "f": 251.674,
    "avg_error_px": 0.0,
    "max_error_px": 0.001
  },
  "Sakhir_Bahrain": {
    "svg_width": 1000,
    "svg_height": 600,
    "a": 0.0,
    "b": 0.642406,
    "c": 502.427,
    "d": -0.642406,
    "e": 0.0,
    "f": 296.415,
    "avg_error_px": 0.0,
    "max_error_px": 0.001
  },
  "Shanghai": {
    "svg_width": 1000,
    "svg_height": 600,
    "a": -0.328208,
    "b": -0.50889,
    "c": 569.944,
    "d": -0.50889,
    "e": 0.328208,
    "f": 182.833,
    "avg_error_px": 0.0,
    "max_error_px": 0.001
  },
  "Silverstone": {
    "svg_width": 1000,
    "svg_height": 600,
    "a": -0.057561,
    "b": -0.486333,
    "c": 503.014,
    "d": -0.486333,
    "e": 0.057561,
    "f": 287.446,
    "avg_error_px": 0.0,
    "max_error_px": 0.001
  },
  "Silverstone_Reverse": {
    "svg_width": 1000,
    "svg_height": 600,
    "a": -0.056563,
    "b": -0.486629,
    "c": 502.991,
    "d": -0.486629,
    "e": 0.056563,
    "f": 287.527,
    "avg_error_px": 0.0,
    "max_error_px": 0.001
  },
  "Singapore": {
    "svg_width": 1000,
    "svg_height": 600,
    "a": 0.0,
    "b": 0.360241,
    "c": 490.31,
    "d": -0.360241,
    "e": -0.0,
    "f": 303.438,
    "avg_error_px": 0.0,
    "max_error_px": 0.001
  },
  "Spa": {
    "svg_width": 1000,
    "svg_height": 600,
    "a": 0.175897,
    "b": 0.344623,
    "c": 505.188,
    "d": 0.344623,
    "e": -0.175897,
    "f": 398.794,
    "avg_error_px": 0.0,
    "max_error_px": 0.001
  },
  "Suzuka": {
    "svg_width": 1000,
    "svg_height": 600,
    "a": 0.0,
    "b": 0.263459,
    "c": 472.787,
    "d": -0.263459,
    "e": -0.0,
    "f": 322.219,
    "avg_error_px": 0.0,
    "max_error_px": 0.001
  },
  "Texas": {
    "svg_width": 1000,
    "svg_height": 600,
    "a": 0.444332,
    "b": 0.039499,
    "c": 451.193,
    "d": 0.039499,
    "e": -0.444332,
    "f": 504.852,
    "avg_error_px": 0.0,
    "max_error_px": 0.001
  },
  "Zandvoort": {
    "svg_width": 1000,
    "svg_height": 600,
    "a": -0.604902,
    "b": -0.104593,
    "c": 524.182,
    "d": -0.104594,
    "e": 0.604902,
    "f": 267.861,
    "avg_error_px": 0.0,
    "max_error_px": 0.001
  },
  "Zandvoort_Reverse": {
    "svg_width": 1000,
    "svg_height": 600,
    "a": -0.605551,
    "b": -0.105794,
    "c": 524.892,
    "d": -0.105795,
    "e": 0.605551,
    "f": 267.766,
    "avg_error_px": 0.0,
    "max_error_px": 0.001
  }
}