{
  "Abu_Dhabi": {
    "svg_width": 1000,
    "svg_height": 600,
    "a": -0.0,
    "b": 0.344403,
    "c": 445.636,
    "d": -0.344403,
    "e": 0.0,
    "f": 311.352,
    "avg_error_px": 0.0,
    "max_error_px": 0.001
  },
  "Austria": {
    "svg_width": 1000,
    "svg_height": 600,
    "a": -0.0,
    "b": 0.412686,
    "c": 537.481,
    "d": -0.412686,
    "e": -0.0,
    "f": 341.457,
    "avg_error_px": 0.0,
    "max_error_px": 0.001
  },
  "Austria_Reverse": {
    "svg_width": 1000,
    "svg_height": 600,
    "a": 0.0,
    "b": 0.412839,
    "c": 537.798,
    "d": -0.412839,
    "e": -0.0,
    "f": 341.523,
    "avg_error_px": 0.0,
    "max_error_px": 0.001
  },
  "Baku_Azerbaijan": {
    "svg_width": 1000,
    "svg_height": 600,
    "a": 0.0,
    "b": 0.251833,
    "c": 537.864,
    "d": -0.251833,
    "e": 0.0,
    "f": 262.851,
    "avg_error_px": 0.0,
    "max_error_px": 0.001
  },
  "Brazil": {
    "svg_width": 1000,
    "svg_height": 600,
    "a": -0.0,
    "b": 0.792834,
    "c": 360.058,
    "d": -0.792834,
    "e": 0.0,
    "f": 116.855,
    "avg_error_px": 0.0,
    "max_error_px": 0.001
  },
  "Catalunya": {
    "svg_width": 1000,
    "svg_height": 600,
    "a": 0.0,
    "b": 0.535697,
    "c": 511.93,
    "d": -0.535697,
    "e": 0.0,
    "f": 276.639,
    "avg_error_px": 0.0,
    "max_error_px": 0.001
  },
  "Hungaroring": {
    "svg_width": 1000,
    "svg_height": 600,
    "a": -0.0,
    "b": 0.489142,
    "c": 506.273,
    "d": -0.489142,
    "e": 0.0,
    "f": 266.615,
    "avg_error_px": 0.0,
    "max_error_px": 0.001
  },
  "Imola": {
    "svg_width": 1000,
    "svg_height": 600,
    "a": -0.0,
    "b": 0.287169,
    "c": 495.521,
    "d": -0.287169,
    "e": -0.0,
    "f": 300.407,
    "avg_error_px": 0.0,
    "max_error_px": 0.001
  },
  "Jeddah": {
    "svg_width": 1000,
    "svg_height": 600,
    "a": -0.0,
    "b": 0.336933,
    "c": 500.255,
    "d": -0.336933,
    "e": 0.0,
    "f": 299.125,
    "avg_error_px": 0.0,
    "max_error_px": 0.001
  },
  "Las_Vegas": {
    "svg_width": 1000,
    "svg_height": 600,
    "a": 0.0,
    "b": 0.440514,
    "c": 508.553,
    "d": -0.440514,
    "e": -0.0,
    "f": 299.492,
    "avg_error_px": 0.0,
    "max_error_px": 0.001
  },
  "Losail": {
    "svg_width": 1000,
    "svg_height": 600,
    "a": -0.0,
    "b": 0.416812,
    "c": 499.974,
    "d": -0.416812,
    "e": -0.0,
    "f": 299.644,
    "avg_error_px": 0.0,
    "max_error_px": 0.001
  },
  "Melbourne": {
    "svg_width": 1000,
    "svg_height": 600,
    "a": 0.0,
    "b": 0.353811,
    "c": 498.492,
    "d": -0.353811,
    "e": 0.0,
    "f": 301.554,
    "avg_error_px": 0.0,
    "max_error_px": 0.001
  },
  "Mexico": {
    "svg_width": 1000,
    "svg_height": 600,
    "a": -0.0,
    "b": 0.340446,
    "c": 663.69,
    "d": -0.340446,
    "e": 0.0,
    "f": 213.498,
    "avg_error_px": 0.0,
    "max_error_px": 0.001
  },
  "Miami": {
    "svg_width": 1000,
    "svg_height": 600,
    "a": 0.0,
    "b": 0.34657,
    "c": 503.285,
    "d": -0.34657,
    "e": -0.0,
    "f": 298.631,
    "avg_error_px": 0.0,
    "max_error_px": 0.001
  },
  "Monaco": {
    "svg_width": 1000,
    "svg_height": 600,
    "a": -0.0,
    "b": 0.693801,
    "c": 481.353,
    "d": -0.693801,
    "e": -0.0,
    "f": 314.588,
    "avg_error_px": 0.0,
    "max_error_px": 0.001
  },
  "Montreal": {
    "svg_width": 1000,
    "svg_height": 600,
    "a": 0.0,
    "b": 0.481243,
    "c": 251.162,
    "d": -0.481243,
    "e": -0.0,
    "f": 356.672,
    "avg_error_px": 0.0,
    "max_error_px": 0.001
  },
  "Monza": {
    "svg_width": 1000,
    "svg_height": 600,
    "a": -0.0,
    "b": 0.411386,
    "c": 499.849,
    "d": -0.411386,
    "e": 0.0,
    "f": 300.038,
    "avg_error_px": 0.0,
    "max_error_px": 0.001
  },
  "Sakhir_Bahrain": {
    "svg_width": 1000,
    "svg_height": 600,
    "a": 0.0,
    "b": 0.642064,
    "c": 502.359,
    "d": -0.642064,
    "e": -0.0,
    "f": 296.194,
    "avg_error_px": 0.0,
    "max_error_px": 0.001
  },
  "Shanghai": {
    "svg_width": 1000,
    "svg_height": 600,
    "a": -0.0,
    "b": 0.425262,
    "c": 499.173,
    "d": -0.425262,
    "e": -0.0,
    "f": 299.057,
    "avg_error_px": 0.0,
    "max_error_px": 0.001
  },
  "Silverstone": {
    "svg_width": 1000,
    "svg_height": 600,
    "a": -0.0,
    "b": 0.515223,
    "c": 502.164,
    "d": -0.515223,
    "e": 0.0,
    "f": 299.432,
    "avg_error_px": 0.0,
    "max_error_px": 0.001
  },
  "Silverstone_Reverse": {
    "svg_width": 1000,
    "svg_height": 600,
    "a": -0.0,
    "b": 0.515375,
    "c": 502.105,
    "d": -0.515375,
    "e": -0.0,
    "f": 299.3,
    "avg_error_px": 0.0,
    "max_error_px": 0.001
  },
  "Singapore": {
    "svg_width": 1000,
    "svg_height": 600,
    "a": -0.0,
    "b": 0.360125,
    "c": 490.316,
    "d": -0.360125,
    "e": -0.0,
    "f": 303.53,
    "avg_error_px": 0.0,
    "max_error_px": 0.001
  },
  "Spa": {
    "svg_width": 1000,
    "svg_height": 600,
    "a": -0.0,
    "b": 0.410966,
    "c": 498.324,
    "d": -0.410966,
    "e": 0.0,
    "f": 299.814,
    "avg_error_px": 0.0,
    "max_error_px": 0.001
  },
  "Suzuka": {
    "svg_width": 1000,
    "svg_height": 600,
    "a": 0.0,
    "b": 0.263501,
    "c": 472.806,
    "d": -0.263501,
    "e": -0.0,
    "f": 322.177,
    "avg_error_px": 0.0,
    "max_error_px": 0.001
  },
  "Texas": {
    "svg_width": 1000,
    "svg_height": 600,
    "a": -0.0,
    "b": 0.288538,
    "c": 357.279,
    "d": -0.288537,
    "e": 0.0,
    "f": 324.637,
    "avg_error_px": 0.0,
    "max_error_px": 0.001
  },
  "Zandvoort": {
    "svg_width": 1000,
    "svg_height": 600,
    "a": -0.0,
    "b": 0.539337,
    "c": 495.022,
    "d": -0.539337,
    "e": 0.0,
    "f": 308.511,
    "avg_error_px": 0.0,
    "max_error_px": 0.001
  },
  "Zandvoort_Reverse": {
    "svg_width": 1000,
    "svg_height": 600,
    "a": -0.0,
    "b": 0.539224,
    "c": 495.12,
    "d": -0.539224,
    "e": 0.0,
    "f": 308.785,
    "avg_error_px": 0.0,
    "max_error_px": 0.001
  }
}